{"cameraMode":{"drawMode":0,"name":"Shaded","section":"Shading Mode"},"sceneLighting":true,"audioPlay":false,"sceneViewState":{"showFog":true,"showMaterialUpdate":false,"showSkybox":true,"showFlares":true,"showImageEffects":true,"showParticleSystems":true,"showVisualEffectGraphs":true,"m_FxEnabled":true},"in2DMode":false,"pivot":{"x":-0.12600302696228028,"y":-1.0745158195495606,"z":0.26865577697753909},"rotation":{"x":0.11957498639822006,"y":0.7897720336914063,"z":-0.5793183445930481,"w":0.16432476043701173},"size":2.8782966136932375,"orthographic":false}